10A-CVR-DR|HP2300|359
10A-HOP|HP2300|359
11A-CAK|HP2400|359
11A-CVR-DR|HP2400|359
11A-HOP|HP2400|359
11X/51X-KIT-CVS|HP2400|359
11X/51X-KIT-CVS|HPP3005|359
11X-CVR-DR|HP2400|359
11X-HOP|HP2400|359
12A/FX9-KIT-CVS|HP1010|359
12A7362|LexT63x|360
12A-BSH-MR|HP1010|359
12A-CAK|HP1010|359
12A-CVR-DR|HP1010|359
12A-CVR-DR|HP3020|359
12A-HOP|HP1010|359
12A-HOP|HP3020|359
12A-HUB-MR|HP1010|359
12AL-CAK|HP1010|359
12AL-CVR-DR|HP1010|359
12AL-CVR-DR|HP3020|359
12AL-HOP|HP1010|359
12AL-HOP|HP3020|359
13A-CAK|HP1300|359
13A-CVR-DR|HP1300|359
13A-HOP|HP1300|359
13X-CVR-DR|HP1300|359
13X-HOP|HP1300|359
15A5849|LexT62x|360
15A-BSH-MR|HP1200|359
15A-BSH-MR|HP3300|359
15A-CAK|HP1200|359
15A-CVR-DR|HP1200|359
15A-CVR-DR|HP3300|359
15A-HOP|HP1200|359
15A-HOP|HP3300|359
15X-CVR-DR|HP1200|359
15X-CVR-DR|HP3300|359
15X-HOP|HP1200|359
15X-HOP|HP3300|359
16A-BSH-MR|HP5200|359
16A-CAK|HP5200|359
16A-CVR-DR|HP5200|359
16A-HOP|HP5200|359
24A-CAK|HP1150|359
24A-HOP|HP1150|359
27A-CVR-DR|HP4000|359
27X-HOP|HP4000|359
35A-CVR-DR|HPP1005|359
35A-CVR-DR|HPP1006|359
35A-HOP|HPP1005|359
35A-HOP|HPP1006|359
364A-LOCK-SHP|HPP4014|359
364A-PULL-TAB|HPP4014|359
38A-KIT-UNIV|HP4200|359
38A-KIT-UNIV|HP4250|359
38A-KIT-UNIV|HP4300|359
38A-KIT-UNIV|HP4350|359
38A-WBN-UNIV|HP4200|359
38A-WBN-UNIV|HP4250|359
38A-WBN-UNIV|HP4300|359
38A-WBN-UNIV|HP4350|359
42A-CAP-END|HP4250|359
42A-CAP-UNIV|HP4200|359
42A-CAP-UNIV|HP4250|359
42A-CAP-UNIV|HP4300|359
42A-CAP-UNIV|HP4350|359
43X-CLP|HP9000|359
49A-BSH-MR|HP1160|359
49A-CAK|HP1160|359
49A-CAP-WT|HP1160|359
49A-CVR-CT|HP1160|359
49A-CVR-DR|HP1160|359
49A-FLT-WB|HP1160|359
49A-FM-DB|HP1160|359
49A-HOP|HP1320|359
49A-PIN|HP1160|359
49A-SPR-HOP|HP1160|359
49X/53X-KIT-CVS|HP1160|359
49X/53X-KIT-CVS|HPP2015|359
49X-CVR-DR|HP1160|359
49X-HOP|HP1160|359
51A-CAK|HPP3005|359
51A-CVR-DR|HPP3005|359
51A-HOP|HPP3005|359
51X-CVR-DR|HPP3005|359
51X-HOP|HPP3005|359
53A-CAK|HPP2015|359
53A-CVR-DR|HPP2015|359
53A-HOP|HPP2015|359
53X-CVR-DR|HPP2015|359
53X-HOP|HPP2015|359
61A-CVR-DR|HP4100|359
61X-HOP|HP4100|359
61X-TAB-MDR|HP4000|359
64035HA|LexT64x|360
88A-CVR-DR|HPP1008|359
88A-HOP|HPP1008|359
92274A|CanonPX|359
92298A|CanonEX|359
92A-CAK|HP1100|359
92A-CVR-DR|HP1100|359
92A-HOP|HP1100|359
96A-BSH-MR|HP2100|359
96A-CAK|HP2100|359
96A-CVR-DR|HP2100|359
96A-HOP|HP2100|359
AX-BSH-MR|CanonAX|359
AX-BSH-MR|HP3100|359
AX-CVR-DR|CanonAX|359
AX-CVR-DR|HP3100|359
AX-CVR-DR|HP3150|359
AX-HOP|CanonAX|359
AX-HOP|HP3100|359
AX-HOP|HP3150|359
BHL4040-SHC-DVR|Brother 4040|363
C00A-KIT-SP|HP1500|359
C3900A|CanonBX|359
C3903F|CanonVX|359
C3906A|CanonAX|359
C3906A|HP3100|359
C3909A|CanonWX|359
C4092A|HP1100|359
C4096A|HP2100|359
C4127X|HP4000|359
C4129X|HP5000|359
C4182X|HP8100|359
C49A-FM-SL|HP8500|359
C7115A|HP1200|359
C8061X|HP4100|359
C8543X|HP9000|359
C9730A|HP5500|359
C9731A|HP5500|359
C9732A|HP5500|359
C9733A|HP5500|359
CAK-CLP300-B|Samsung CLP-300|364
CAK-CLP300-C|Samsung CLP-300|364
CAK-CLP300-M|Samsung CLP-300|364
CAK-CLP300-Y|Samsung CLP-300|364
CB435A|HPP1005|359
CB436A|HPP1505|359
CC388A|HPP1008|359
CDR-TN350|Brother TN350|363
CDR-TN350|Brother TN360|363
CE255A|HPP3015|359
CLP300-C|Samsung CLP-300|364
CLP300-K|Samsung CLP-300|364
CLP300-M|Samsung CLP-300|364
CLP300-SET|Samsung CLP-300|364
CLP300-Y|Samsung CLP-300|364
CP2025-CVR-DU|HPCP2025|359
CP2055-TAB-PULL|HPCP2035|359
CP-5000|HP5000|359
DB-11H|HP1100|359
DB-12H|HP1200|359
DB-21H|HP2100|359
DB-24H|HP2400|359
DB-40H|HP4000|359
DB-41H|HP4100|359
DB-50H|HP5000|359
DB-81H|HP8100|359
DB-AX|CanonAX|359
DB-BX|CanonBX|359
DB-EX|CanonEX|359
DB-LX|CanonLX|359
DB-NX|CanonNX|359
DB-PX|CanonPX|359
DB-SX|CanonSX|359
DB-TN350|Brother TN350|363
DB-VX|CanonVX|359
DB-WX|CanonWX|359
E120-CAK|LexOptraE120|360
E210-CAK|LexOptraE210|360
E230-CAK|Dell 1700|362
E230-CAK|LexE33x|360
E250-CAK|LexE250|360
HP2550-SET|HP2550|359
HP2600-SET|HP2600|359
HP3500-SET|HP3500|359
HP5500-SET|HP5500|359
L4059-SPR|LexOptraS|360
MC2-0951-000|HPCP1215|359
MC2-0952-000|HPCP1215|359
ML1210-CVR-UNIV|LexOptraE210|360
ML1210-CVR-UNIV|Samsung 1210|364
ML1610-CVR-UNIV|Samsung 1610|364
ML1710-CVR-UNIV|LexX215|360
ML1710-CVR-UNIV|Samsung 1510|364
ML1710-CVR-UNIV|Samsung 1710|364
MRS-12H|HP1200|359
MRS-40H|HP2100|359
MRS-40H|HP4000|359
MRS-41H|HP4100|359
MRS-50H|HP5000|359
MRS-81H|HP8100|359
MRS-AX|CanonAX|359
MRS-AX|HP1100|359
MRSB-12H|HP1200|359
MRSB-50H|HP5000|359
MRSB-AX|CanonAX|359
MRSB-AX|HP1100|359
MRSB-EX/21/40H|CanonEX|359
MRSB-EX/21/40H|HP2100|359
MRSB-EX/21/40H|HP4000|359
MRSB-EX/21/40H|HP4100|359
MRSB-WX|CanonWX|359
MRSB-WX|HP8100|359
MRS-BX|CanonBX|359
MRS-EX|CanonEX|359
MRS-LX|CanonLX|359
MRS-NX|CanonNX|359
MRS-PX|CanonPX|359
MRS-SX|CanonSX|359
MRS-VX|CanonVX|359
MRS-WX|CanonWX|359
OPC-1010|HP1010|359
OPC-12H|HP1200|359
OPC-1320|HP1160|359
OPC-21H|HP2100|359
OPC-40H|HP4000|359
OPC-41H|HP4100|359
OPC-42H|HP4200|359
OPC-45H|HP4500|359
OPC-50H|HP5000|359
OPC-81H|HP8100|359
OPC-AX|CanonAX|359
OPC-AX|HP1100|359
OPC-B1240|Brother 1240|363
OPC-BX|CanonBX|359
OPC-EX|CanonEX|359
OPC-LX|CanonLX|359
OPC-NX|CanonNX|359
OPC-PX|CanonPX|359
OPC-SX|CanonSX|359
OPC-VX|CanonVX|359
OPC-WX|CanonWX|359
Q1338A|HP4200|359
Q1339A|HP4300|359
Q2610A|HP2300|359
Q2612A|HP1010|359
Q2613A|HP1300|359
Q2624A|HP1150|359
Q2670A|HP3500|359
Q2671A|HP3500|359
Q2672A|HP3500|359
Q2673A|HP3500|359
Q3960A|HP2550|359
Q3960A|HP2820|359
Q3961A|HP2550|359
Q3961A|HP2820|359
Q3962A|HP2550|359
Q3962A|HP2820|359
Q3963A|HP2550|359
Q3963A|HP2820|359
Q5942A|HP4250|359
Q5942X-UNIV|HP4250|359
Q5942X-UNIV|HP4350|359
Q5949A|HP1160|359
Q6000A|HP2600|359
Q6001A|HP2600|359
Q6002A|HP2600|359
Q6003A|HP2600|359
Q6511A|HP2400|359
Q7516A|HP5200|359
Q7551A|HPP3005|359
Q7553A|HPP2015|359
Q7553X|HP1160|359
Q7553X|HPP2015|359
RB-12H|HP1200|359
RB-21/40H|HP2100|359
RB-21/40H|HP4000|359
RB-21/40H|HP4100|359
RB-50H|HP5000|359
RB-AX|CanonAX|359
RB-AX|HP1100|359
RB-BX|CanonBX|359
RB-PX/EX/VX|CanonEX|359
RB-PX/EX/VX|CanonPX|359
RB-PX/EX/VX|CanonVX|359
RB-WX|CanonWX|359
SL-AX|CanonAX|359
SL-AX|HP1100|359
SL-BX|CanonBX|359
SL-EX|CanonEX|359
SLF-21/40H|HP2100|359
SLF-21/40H|HP4000|359
SLF-21/40H|HP4100|359
SLF-50H|HP5000|359
SLF-EX|CanonEX|359
SLF-WX|CanonWX|359
SLF-WX|HP8100|359
SL-LX|CanonLX|359
SL-PX/VX|CanonPX|359
SL-PX/VX|CanonVX|359
SL-WX|CanonWX|359
SL-WX|HP8100|359
SM1610-DR-TNR|Samsung 1610|364
SM1610-DR-TNR|Samsung 2010|364
SM1710-DR-TNR|Samsung 1510|364
SM1710-DR-TNR|Samsung 1710|364
SM1710-DR-TNR|Samsung 4200|364
STR-TN350|Brother TN350|363
STR-TN360|Brother TN360|363
T520-WBN-UNIV|LexT52x|360
T520-WBN-UNIV|LexT62x|360
T520-WBN-UNIV|LexT63x|360
T520-WBN-UNIV|LexT64x|360
T640-IST-SC|LexT52x|360
T640-IST-SC|LexT63x|360
T640-IST-SC|LexT64x|360
T6XX-UNIV|LexT62x|360
T6XX-UNIV|LexT63x|360
T6XX-UNIV|LexT64x|360
TC-CAN104/FX9|CanonFX9|359
TN350-CAK|Brother TN350|363
TN360|Brother TN360|363
TN360-CAK|Brother TN360|363
TN580|Brother TN580|363
TNR-11H-140|HP1100|359
TNR-12H-150|HP1200|359
TNR200|CanonAX|359
TNR200|CanonFX9|359
TNR200|CanonPX|359
TNR200|CanonVX|359
TNR200|HP1010|359
TNR200|HP1160|359
TNR200|HP1200|359
TNR201|HPP1005|359
TNR201|HPP1008|359
TNR201|HPP1505|359
TNR201|HPP1606|359
TNR202A|Brother TN350|363
TNR202A|Brother TN360|363
TNR203|Samsung 1210|364
TNR203|Samsung 1610|364
TNR203|Samsung 1710|364
TNR203|Samsung 2010|364
TNR203|Samsung 4100|364
TNR203|Samsung 4200|364
TNR203|Samsung 4216|364
TNR203|Samsung 4500|364
TNR203|Samsung 4521|364
TNR203|Xerox3115|361
TNR203|Xerox3116|361
TNR203|Xerox3117|361
TNR-21H-230|HP2100|359
TNR-40H-380|HP4000|359
TNR-41H-400|HP4100|359
TNR-50H-420|HP5000|359
TNR-81H-500|HP8100|359
TNR-AX-140|CanonAX|359
TNR-BX-340|CanonBX|359
TNR-EX-340|CanonEX|359
TNR-LX-200|CanonLX|359
TNR-NX-500|CanonNX|359
TNR-PX-160|CanonPX|359
TNR-SX-250|CanonSX|359
TNR-VX-220|CanonVX|359
TNR-WX-450|CanonWX|359
WB-11H|HP1100|359
WB-12H|HP1200|359
WB-21H|HP2100|359
WB-40H|HP4000|359
WB-41H|HP4100|359
WB-50H|HP5000|359
WB-81H|HP8100|359
WB-AX|CanonAX|359
WB-BX|CanonBX|359
WB-EX|CanonEX|359
WB-LX|CanonLX|359
WB-NX|CanonNX|359
WB-PX|CanonPX|359
WB-SX|CanonSX|359
WB-VX|CanonVX|359
WB-WX|CanonWX|359
X215-CAK|LexX215|360
X215-CAK|Samsung 1710|364
X215-CAP|LexX215|360
X215-CAP|Samsung 1710|364
X215-FM-AGT|LexX215|360
X215-FM-AGT|Samsung 1710|364
X215-FM-DBL|LexX215|360
X215-FM-DBL|Samsung 1710|364
X215-FM-HOPL|LexX215|360
X215-FM-HOPL|Samsung 1710|364
X215-FM-SIDE|LexX215|360
X215-FM-SIDE|Samsung 1710|364
